seller_ID;seller_name;type;member_since;country;address
1;PartyNator;Private;2012;Spain;
2;CValle;Private;2020;Spain;
3;MarcoSanzin;Private;2016;Italy;
4;MagicBivio;Private;2021;Italy;
5;Tezzeret84;Private;2009;Spain;
6;Lordburka;Private;2015;Netherlands;
7;Lanowar69;Private;2019;Italy;
8;Topdeckskills;Professional;2012;Ireland;13 O'Brien Park, V14 AC65 Shannon, Co. Clare, Ireland
9;magicpartcard;Private;2017;Netherlands;
10;stanislaf;Private;2013;Belgium;
11;Thrymiir;Private;2020;France;
12;daidojilaurent;Private;2013;France;
13;sovmar;Private;2013;Portugal;
14;Ceribe;Private;2015;Poland;
15;Felixuco;Private;2015;Spain;
16;Richaardi;Private;2015;Portugal;
17;diddos;Private;2012;Belgium;
18;dakkon87;Private;2011;Italy;
19;Mirikov;Private;2021;Germany;
20;BrandyBrand;Professional;2018;Germany;Auf dem Halmburger 6, 35043 Marburg, Germany
21;CommanderStaples;Private;2019;Finland;
22;BechaMecha;Private;2015;Italy;
23;MadridMagic;Private;2016;Spain;
24;DombekTorun;Private;2016;Poland;
25;BaukeS;Private;2018;Netherlands;
26;plkfd;Private;2018;France;
27;quasimoto;Private;2015;Germany;
28;Zoocomics;Professional;2018;Norway;Anders baars veg 25b, 3737 Skien, Norway
29;MTG-Prime;Professional;2018;France;34 rue Combanaire, 36000 Ch‚teauroux, France
30;FrankvdWaals;Private;2015;Netherlands;
31;GunCha;Private;2018;Latvia;
32;OliverFarkash;Private;2020;Netherlands;
33;hobbitfred;Private;2015;France;
34;Tyron-Heartz;Private;2016;Portugal;
35;cultus;Private;2016;Spain;
36;bendu71;Private;2016;France;
37;Kungfupeet;Private;2019;Netherlands;
38;TheCoonRises;Powerseller;2016;Germany;Neue Straﬂe 46, 89073 Ulm, Germany
39;kARNN;Private;2015;France;
40;RedDragonMagic;Private;2012;Spain;
41;fuxxi;Private;2013;Germany;
42;maglaf88;Private;2014;France;
43;antonio-muenster;Private;2013;Germany;
44;Dinis;Private;2014;Portugal;
45;Akroma44;Private;2011;Germany;
46;38Shizo;Private;2019;Germany;
47;Matze-KungFury;Private;2019;Germany;
48;pantufas;Private;2013;Portugal;
49;Loui0;Private;2018;Germany;
50;tennlos;Professional;2020;Poland;Rakowicka 20b/57, 31-510 KrakÛw, Poland
51;replicart71;Powerseller;2017;France;9 jardin de Florence , 01340 Montrevel en bresse, France
52;WhiteFoxThree;Private;2017;Netherlands;
53;Jean-Claire;Private;2017;France;
54;NuggetGaming;Private;2020;United Kingdom;
55;ctouya;Private;2014;France;
56;Giftsungiven;Private;2013;Portugal;
57;Emisary121;Private;2019;Netherlands;
58;Espell;Private;2015;Italy;
59;ruben52;Private;2011;Netherlands;
60;procards;Professional;2015;Germany;Baiersdorfer Straﬂe 6a, 91341 Rˆttenbach , Germany
61;ludovic1968;Private;2012;France;
62;valis;Private;2011;Finland;
63;NoDrummer;Private;2014;Germany;
64;Styliann;Private;2011;France;
65;yannloison13;Private;2019;France;
66;masistuta;Private;2012;Netherlands;
67;Trade-Secrets;Private;2014;Netherlands;
68;phagma;Private;2014;France;
69;Gautch;Private;2017;France;
70;txbcards;Professional;2020;Austria;Ketteringstraﬂe 10, 4400 Steyr, Austria
71;Knightnight;Private;2019;Netherlands;
72;karasofr;Private;2019;France;
73;Pa-t-ch;Private;2016;Italy;
74;rogiol;Private;2018;Czech Republic;
75;danieldisco;Private;2020;Belgium;
76;Admiral-Haze;Private;2012;Germany;
77;aleeuwen1;Private;2019;Netherlands;
78;Geek-Corner;Professional;2017;United Kingdom;Regency Mall West 15, TS18 1EF Stockton On Tees, United Kingdom
79;Stefouch;Private;2013;Belgium;
80;pisqnek;Professional;2009;Poland;Gen. Wl. Andersa 38, 7 pietro, 15-113 Bialystok, Poland
81;Goodlookgamer;Professional;2018;Netherlands;Maarland Noordzijde 7, 3231CE Brielle, Netherlands
82;TopdeckDK;Professional;2016;Denmark;Carlsbergvej 32B, 3400 Hiller¯d, Denmark
83;sedehiMTG;Private;2011;Germany;
84;Magiccardshop;Powerseller;2014;Germany;L¸ssweg 10, 82418 Murnau, Germany
85;TCGWarehouse;Professional;2013;Germany;Gutenbergplatz 1, 04103 Leipzig, Germany
86;helpoemer;Private;2015;Germany;
87;Nerd-Shop;Professional;2017;Germany;Kaiserstraﬂe 50, 66849 Landstuhl, Germany
88;Andycards;Professional;2014;Italy;Viale dei Navigatori 4/a, 48122 Punta Marina Terme (RA), Italy
89;weiﬂer-Lotus;Professional;2009;Germany;Friedhofsweg 18, 61197 Florstadt, Germany
90;sanjic;Private;2012;France;
91;MagusDoVinhedo;Private;2012;Portugal;
92;Wintereinbruch;Private;2010;Germany;
93;Kissmaiass;Private;2014;Spain;
94;thewirtschaftswunder;Private;2015;Germany;
95;Blackbolt;Professional;2012;Portugal;Rua da Juncosa 228, 3465-123 Tondela, Portugal
96;aleplm98;Private;2019;Italy;
97;GoodPool;Private;2019;Spain;
98;Foransa;Private;2019;Sweden;
99;PanBzoch;Private;2016;Czech Republic;
100;Colabier;Private;2012;Germany;
101;moneymaker;Private;2011;Germany;
102;Noah471;Private;2019;Austria;
103;Cohnjollins;Private;2015;Ireland;
104;LeonPonce;Private;2014;Spain;
105;sytsnas;Private;2019;Germany;
106;noisia;Private;2015;Spain;
107;Greenskull;Private;2018;Sweden;
108;Danedeluxe;Private;2017;Denmark;
109;babylon;Private;2014;Germany;
110;McFreud;Private;2015;Portugal;
111;muse99;Private;2013;Netherlands;
112;Bellota95;Private;2019;Spain;
113;BBG66;Private;2021;Germany;
114;Marsupisalami;Private;2016;Germany;
115;Murasame;Private;2015;Netherlands;
116;cardvictim;Private;2020;Germany;
117;atlas222;Private;2018;Austria;
118;Torako;Private;2016;Germany;
119;cloudpostBA;Powerseller;2015;Slovakia;Trencianska 47, 82109 Bratislava, Slovakia
120;bouzekry;Private;2010;France;
121;Hgjlesv;Private;2017;Finland;
122;stahlkarnickel2;Professional;2018;Germany;Ernst-Reuter Straﬂe 10, 97080 W¸rzburg, Germany
123;TimD;Private;2009;Germany;
124;PowerMagicstar;Professional;2021;Sweden;Tullgatan 2c, 25269 RÂÂ, Sweden
125;kartenschmiede;Powerseller;2015;Germany;Rote-Tor-Str. 18, 76661 Philippsburg, Germany
126;theNecromancer;Professional;2019;Austria;Oberer Ulmenweg 8a, 8073 Feldkirchen bei Graz, Austria
127;weiﬂer-Lotus;Professional;2009;Germany;Friedhofsweg 18, 61197 Florstadt, Germany
128;mstokowski;Private;2013;Poland;
129;huge4uk;Private;2016;Germany;
130;Sebas74;Private;2017;Netherlands;
131;ManaRamp;Private;2020;Italy;
132;Piranha81;Private;2019;Spain;
133;daltenda;Powerseller;2016;Italy;Via dell'Artigianato 54 - Zona Industriale Ovest, 06083 Bastia Umbra (PG), Italy
134;AvalonBurgos;Professional;2012;Spain;C/ San Julian 4 Bj, 09002 Burgos, Spain
135;LuisLlana;Private;2013;Spain;
136;SK4TE;Private;2011;Germany;
137;olgamor;Private;2011;Germany;
138;marCH1LLL;Private;2015;Germany;
139;ni-ju66;Private;2016;Germany;
140;baleinedessables;Private;2012;Belgium;
141;rakerone;Private;2013;Germany;
142;Jack-DM;Private;2019;Italy;
143;Glimrir;Private;2018;Denmark;
144;ViperKinji;Private;2013;Greece;
145;octaton;Private;2015;Denmark;
146;TerraCross;Private;2016;Germany;
147;Zigimun;Private;2015;Slovenia;
148;TheOneKiko1337;Private;2018;Germany;
149;PotatoGuardian;Private;2015;Germany;
150;Dr4ken;Private;2018;Poland;
151;Leidnix;Private;2011;Germany;
152;Netz122;Private;2009;Germany;
153;changar;Private;2012;France;
154;NechljudoW;Private;2013;Germany;
155;Phalnar;Private;2015;Switzerland;
156;Ginsch;Private;2020;Austria;
157;annor;Private;2018;Czech Republic;
158;Meister14;Private;2017;Spain;
159;Pastorius84;Private;2020;Italy;
160;Cardboard-Collector;Private;2020;Netherlands;
161;coupdegrac3;Private;2018;Austria;
162;ryuxuyr;Private;2019;Portugal;
163;jeh11;Private;2018;Switzerland;
164;MTGSander;Private;2017;Netherlands;
165;Xevkin;Private;2012;Ireland;
166;Sushi91;Private;2016;Czech Republic;
167;Plysier;Private;2019;Belgium;
168;jmskns69;Professional;2018;Estonia;Siili 3-8, 13422 Tallinn, Estonia
169;procrustean;Private;2013;United Kingdom;
170;DiamondValley;Private;2009;Germany;
171;magicislove;Private;2019;Germany;
172;Operationlol;Private;2018;Germany;
173;Piszczal;Private;2015;Poland;
174;Almeida;Private;2017;Sweden;
175;sinac;Private;2011;Belgium;
176;Bennlipp;Private;2019;Germany;
177;AcidQueen;Private;2019;Greece;
178;Remin;Private;2017;Germany;
179;Wimmeeus;Private;2019;Belgium;
180;Orzi86;Private;2017;Poland;
181;moercel;Private;2015;Germany;
182;Chrisaor;Private;2015;Greece;
183;Luukiecard;Private;2017;Netherlands;
184;SodGames;Professional;2015;Belgium;Place Albert 1er 32, 6220 Fleurus, Belgium
185;rammstein-rules97;Professional;2016;Germany;Conrad-Rˆntgen Str. 3, 66450 Bexbach, Germany
186;ZackyVeah;Private;2016;Germany;
187;nikee40;Private;2015;Latvia;
188;emanuelemarket;Private;2019;Italy;
189;temur11;Private;2016;France;
190;daxterpac;Private;2017;Portugal;
191;Weini17;Private;2017;Austria;
192;Lunashine;Private;2009;Austria;
193;La-Tetedeslip;Private;2018;France;
194;kirchi;Private;2009;Germany;
195;Michaberg;Private;2018;Germany;
196;MagicMuc;Private;2019;Germany;
197;SnappyTiger;Private;2019;Austria;
198;Krozark;Private;2014;France;
199;RisingVoid;Private;2018;Germany;
200;Mathug;Private;2017;France;
201;InfiniteMagicCZ;Professional;2019;Czech Republic;Kafkova 102/19, 16000 Prague 6, Czech Republic
202;Villy;Private;2017;Greece;
203;Rarehuntershop;Powerseller;2012;Austria;Hauptplatz 14, 2320 Schwechat, Austria
204;tshwayn;Private;2016;Germany;
205;sunshadow;Private;2013;Spain;
206;Kartenguru;Professional;2012;Germany;Hollenmoor 9, 21406 Melbeck, Germany
207;MagicBarcelona;Powerseller;2011;Spain;Ronda de Sant Pere 44, 08010 Barcelona, Spain
208;TEMPEST-STORE;Powerseller;2011;Spain;CALLE TIMOTEO DOMINGO, 17, LOCAL, 28017 Madrid, Spain
209;HouseOfCardsBE;Professional;2014;Belgium;Geraardsbergsesteenweg 282, 9404 Aspelare, Belgium
210;Izmaylov;Private;2013;France;
211;Miki13112;Private;2018;France;
212;szernik;Private;2015;Germany;
213;Bokkie-Brown;Private;2013;Netherlands;
214;Blizardjack;Private;2014;Greece;
215;ShopHunter;Professional;2017;France;16 Rue Roger Tilmant, 59164 Marpent, France
216;zbysour;Private;2014;Czech Republic;
217;stardust76;Private;2017;France;
218;mary;Private;2008;Germany;
219;dbs85670;Professional;2018;France;HAMEAU DU CHATELIER 12, 85670 85670 - PALLUAU, France
220;SamTradeOfficial;Private;2020;Italy;
221;sjoerd972;Private;2016;Netherlands;
222;EternitiesCrafter;Private;2019;France;
223;MarmotteAilee;Private;2019;France;
224;flo2000;Private;2009;Germany;
225;Xobulo;Professional;2021;United Kingdom;51 Stamford Street, NG16 2DR Nottingham, United Kingdom
226;GreenZebra;Private;2020;Germany;
227;JSminia;Private;2018;Netherlands;
228;Orkboss;Private;2016;Germany;
229;ray17;Private;2012;Spain;
230;Blipblep;Private;2019;Slovenia;
231;LOLHasixD;Private;2020;Germany;
232;ItsFranchetti;Private;2021;United Kingdom;
233;danielito;Private;2010;Spain;
234;Kauppiasfoppa;Private;2016;Finland;
235;VarusEquin;Private;2014;France;
236;Kraias;Private;2016;Germany;
237;mtg-discounter24;Powerseller;2015;Germany;Fischbachstraﬂe 36, 50127 Bergheim, Germany
238;remyleblanc;Private;2015;Netherlands;
239;Griselbrand3;Private;2018;Germany;
240;sjimmied;Private;2017;Netherlands;
241;KaffTCG;Private;2021;Austria;
242;Navis;Private;2011;France;
243;pg7224;Private;2015;Germany;
244;rambo-tomella;Private;2012;Spain;
245;Papillon80;Private;2018;France;
246;Sinici1992;Private;2012;Spain;
247;WindyMiller;Private;2017;United Kingdom;
248;OjamaGod;Private;2017;Germany;
249;Serial1981;Private;2019;Italy;
250;cole04;Private;2013;United Kingdom;
251;hammen22;Private;2018;Italy;
252;DrTim0n;Private;2015;Netherlands;
253;YoungRighty;Private;2015;Germany;
254;Kizuso;Private;2017;Germany;
255;Trolloloman;Private;2019;Poland;
256;exodus360;Private;2017;Spain;
257;PetalmaneBaku;Private;2015;Finland;
258;neonamu;Private;2016;Spain;
259;TomFreud;Private;2018;Germany;
260;SonJoku;Private;2016;Germany;
261;TheWolverine;Private;2021;Spain;
262;MartinHuber;Private;2013;Germany;
263;invokeprejudice;Private;2012;Italy;
264;kikofarto3;Private;2019;Portugal;
265;AceMagicDealer;Professional;2012;Spain;Lope De Vega N∫20 - 4∫D, 34001 Palencia, Spain
266;Diogenes;Private;2017;Greece;
267;Nomar;Private;2017;Spain;
268;patraspatras22;Private;2017;Spain;
269;termestino;Private;2010;Spain;
270;scaveooz;Private;2014;France;
271;CrazyComicsAndGames;Professional;2011;Italy;Via Medaglie d'Oro 8, 21100 Varese, Italy
272;berjackie;Private;2015;France;
273;AVATAR-PL;Professional;2017;Poland;
274;MagicNexus;Professional;2014;Italy;Via Padana Superiore 27, 20060 Gessate (MI), Italy
275;weißer-Lotus;Professional;2009;Germany;Friedhofsweg 18, 61197 Florstadt, Germany
276;DavidRuemmler;Professional;2015;Germany;Georg-Palitzsch-Straße, 17, 01239 Dresden, Germany
277;Elbarone;Private;2016;Switzerland;
278;brice464;Private;2014;France;
279;tratmot;Private;2016;Italy;
280;JYZ83;Private;2011;Italy;
281;Olaaf;Private;2010;Belgium;
282;Selick;Private;2018;Belgium;
283;TroleDeJeux;Professional;2015;France;5 Rue Saint Luc, 36000 Châteauroux, France
284;DisCardShop;Professional;2019;Italy;Via Moar zu Pirk 6, 39030 Lutago (BZ), Italy
285;Playset4;Private;2017;Spain;
286;panos1989;Private;2015;Greece;
287;wizardshark;Private;2017;France;
288;Chief92;Private;2014;Germany;
289;Tylert;Private;2012;France;
290;Mariano79;Private;2016;Italy;
291;JOMEIS12;Private;2017;Spain;
292;MettMann;Private;2016;Germany;
293;zeusucao;Private;2013;Portugal;
294;Michael8901;Private;2018;Italy;
295;SaprolinVerde;Private;2012;Spain;
296;cryog;Private;2019;Switzerland;
297;Halo2001;Private;2016;Germany;
298;Tron116;Private;2008;Germany;
299;Bladewing89;Private;2016;Germany;
300;RCTycooner;Private;2013;Belgium;
301;Berggeit;Private;2016;Netherlands;
302;JKappel;Private;2017;Germany;
303;Recode;Private;2018;France;
304;Mintcardgem;Private;2019;France;
305;Hubbelluff;Private;2018;Germany;
306;Pukete;Private;2019;Spain;
307;MemoRator;Private;2018;Italy;
308;Aymerix;Private;2014;France;
309;Farbtopf12;Private;2021;Germany;
310;Maumoleseullevrai;Private;2015;France;
311;MasterLaky;Private;2018;Italy;
312;ultimatewarrior;Private;2017;Italy;
313;ZadeX;Private;2015;Belgium;
314;Celine91;Private;2018;France;
315;Remix91;Private;2015;France;
316;bjarnizzle;Private;2018;Germany;
317;Ocinvd;Private;2018;Belgium;
318;erojudge;Private;2014;Germany;
319;maeviouz;Professional;2013;Greece;Sp. Trikoupi 80-82, 18538 Piraeus, Greece
320;AldoNala;Private;2017;Belgium;
321;Mtg4All;Professional;2017;Spain;Calle Oliver nº54 b Local, 03802 Alcoy, Spain
322;indru;Private;2013;Romania;
323;akroma2008;Private;2012;Switzerland;
324;Zuerichsee;Private;2018;Switzerland;
325;grichi26;Private;2009;Austria;
326;luciano38;Private;2016;France;
327;EPShin18;Professional;2018;Spain;Calle Camino de los Romanos 56, 30820 Alcantarilla, Spain
328;mcout;Private;2013;Germany;
329;BloodReaver;Private;2013;Germany;
330;CITADEL-GAMES;Private;2012;Spain;
331;holzvalle;Private;2018;Germany;
332;CommanderFluffly;Private;2014;Germany;
333;EnglishTiger;Private;2020;Germany;
334;benprdh;Private;2020;France;
335;Tokhart;Private;2021;France;
336;dikkedaan;Private;2014;Netherlands;
337;Gemini56;Private;2019;Italy;
338;hael22;Private;2017;France;
339;ViolettBlue;Private;2020;Germany;
340;Distritozero;Powerseller;2018;Spain;Alonso 15, 39010 Santander, Spain
341;ilGiocoliere;Powerseller;2012;Italy;Via Di Toppo 28, 33100 Udine, Italy
342;Psiakowy;Professional;2015;Poland;Suraska 6/38, 15-422 Bialystok, Poland
343;CardwalletEU;Professional;2019;Belgium;Laan, 2930 Brasschaat, Belgium
344;Gferro;Private;2014;Portugal;
345;cassper;Private;2014;Spain;
346;caceres2020;Professional;2016;Netherlands;Stuiverstraat 1N, 5611TA Eindhoven, Netherlands
347;Dixitier;Private;2014;Germany;
348;MBrinch;Private;2015;Denmark;
349;Mic3hael;Private;2018;Germany;
350;SimonJack88;Private;2018;Italy;
351;JohnWizard;Private;2020;Greece;
352;CardStoreAlcamo;Professional;2016;Italy;Via Pugliesi N.66, 91011 Alcamo (TP), Italy
353;Brenag;Private;2012;Belgium;
354;Magicdealer-patte-de;Powerseller;2008;Germany;Landgrabenstraße 121 (Im Innenhof), 90459 Nürnberg, Germany
355;Magicshop2000;Private;2016;Italy;
356;Kartenkoenig;Private;2013;Germany;
357;Zaki23;Private;2015;Greece;
358;kfranklin12;Private;2016;Germany;
359;hespacc;Private;2008;Germany;
360;Mirrankreuzritter;Private;2018;Germany;
361;matiasgabarron;Private;2015;Spain;
362;HiveGames;Powerseller;2013;Austria;Getreidegasse 3, 9020 Klagenfurt, Austria
363;Athabasca;Private;2015;Belgium;
364;Twoshop;Professional;2015;Spain;C/ Gavilanes 1, B1, P2, 1D, 28035 Madrid, Spain
365;DHGames;Professional;2011;Finland;Itsenäisyydenkatu 38a C 22, 28130 Pori, Finland
366;ishotya;Private;2014;Spain;
367;DagonX;Private;2011;Germany;
368;landshome279;Private;2012;Germany;
369;satirobcn;Private;2012;Spain;
370;Bigs77;Private;2018;Germany;
371;gambo;Private;2015;Germany;
372;stamosm;Private;2015;Greece;
373;Bruce7506;Private;2016;France;
374;AdrianMC;Private;2021;Spain;
375;Skiski;Private;2018;Luxembourg;
376;rockardist;Private;2018;Netherlands;
377;DrDkt666;Private;2013;Portugal;
378;Zoios;Private;2016;Poland;
379;Kuduce;Private;2019;Germany;
380;Mavado-Vemos;Private;2021;Poland;
381;Colovia;Private;2019;Germany;
382;K40crew;Private;2015;Denmark;
383;michaldurovic;Private;2018;Slovakia;
384;Muttonium;Private;2017;Sweden;
385;Adway;Private;2018;Poland;
386;Carioca9987;Private;2017;Spain;
387;maxsilver;Private;2014;Austria;
388;pbjoker;Private;2017;Croatia;
389;Ghostlo;Professional;2014;Belgium;161, boulevard Lambermont, 1030 Schaerbeek, Belgium
390;Abdelbach;Private;2017;Switzerland;
391;heckman;Private;2019;Netherlands;
392;Zloch;Private;2018;Slovakia;
393;deathhenker;Private;2008;Germany;
394;OutpostBrussels;Powerseller;2011;Belgium;8 rue de la tribune, 1000 BRUXELLES, Belgium
395;Zakk67;Private;2019;France;
396;zalakke;Private;2012;Finland;
397;CardCastle;Professional;2012;Austria;Kirschentheuer 51, 9162 Strau, Austria
398;Moltras;Professional;2014;Hungary;Ybl Miklós út 3/a Tetőtér 1., 7633 Pécs, Hungary
399;masa;Private;2010;Finland;
400;roughy;Private;2016;Netherlands;
401;cornelius59;Private;2018;France;
402;seagel;Private;2018;Netherlands;
403;D-Insane;Private;2019;France;
404;elliot1990pl;Private;2017;Poland;
405;evertk;Private;2018;Netherlands;
406;matic;Private;2015;Slovenia;
407;dommedag;Private;2015;France;
408;Quilombero;Private;2010;Germany;
409;TizziTizzi;Private;2021;Italy;
410;leonin;Private;2011;Belgium;
411;Lorena;Private;2015;Spain;
412;JJ-Finkleton;Private;2018;Netherlands;
413;Boromol;Private;2017;Germany;
414;flosiii;Private;2015;Germany;
415;jerome34;Private;2014;France;
416;punkboy48;Private;2019;Germany;
417;MagicTradeHouseNo1;Powerseller;2013;Germany;Nelkenstr.15, 90547 Stein, Germany
418;DavidxRodx;Private;2016;Portugal;
419;NicoDN;Private;2020;France;
420;Strat066;Private;2014;Germany;
421;ClemFr;Private;2013;France;
422;MaxiM87;Private;2019;Germany;
423;Sadquatch;Private;2019;Switzerland;
424;Games-Island;Powerseller;2008;Germany;Luitpoldstrasse 13, 95028 Hof, Germany
425;Mazvigosl;Powerseller;2010;Spain;C/ Zamora 65 Bajo, 36203 Vigo, Spain
426;DonMTG;Powerseller;2014;Germany;Lindenstr. 14, 50674 Köln, Germany
427;das-Marmak;Professional;2009;Switzerland;Glasacker 3, 4657 Dulliken, Switzerland
428;Rusty2410;Powerseller;2015;Germany;Wilhelmsweg 2c, 39249 Barby/ Elbe , Germany
429;tuvok85;Private;2011;Germany;
430;Jurgencreyf;Private;2018;Belgium;
431;LotusGarden;Professional;2008;Spain;C/Aurora 90E, 3º2ª, 08700 Igualada, Spain
432;buchanin;Private;2019;Germany;
433;gabrielooos93;Private;2020;Italy;
434;MishrasCardshop;Private;2013;Netherlands;
435;MrclBok;Private;2020;Netherlands;
436;JSRM88;Private;2021;United Kingdom;
437;The-Inn-TCG;Professional;2019;Germany;Erich-Mühsam-Straße 8, 09112 Chemnitz, Germany
438;MagicEmporium;Professional;2015;Netherlands;Rembrandtlaan, 7, 3362AC SLIEDRECHT, Netherlands
439;Harakesh;Professional;2013;Netherlands;Meindert Hobbemastraat 1, 3314HR Dordrecht, Netherlands
440;DrawstepGD;Professional;2013;Portugal;Rua da Fundação Calouste Gulbenkian n91, 4710-394 Braga, Portugal
441;magictuga;Professional;2013;Portugal;Apartado 163, 4564-909 Penafiel, Portugal
442;Igibert;Private;2015;Austria;
443;pl0wbeast;Private;2014;Belgium;
444;Moria05;Professional;2013;Spain;C/Tirso de Molina, 8-10 Bajo, 26006 Logroño, Spain
445;FKTRD;Powerseller;2011;Germany;Ostenhellweg 57-59, 44135 Dortmund, Germany
446;PlayTimeComo;Professional;2016;Italy;Via Volta 27/29, 22100 Como, Italy
447;Grecutus;Private;2008;Germany;
448;kreaten;Private;2011;Spain;
449;HeinerBremer;Private;2013;Germany;
450;WizardshopCz;Powerseller;2013;Czech Republic;Na Jarove 2424/2, 13000 Praha, Czech Republic
451;Wildfirestore;Professional;2017;Italy;Via Della Fonte Meravigliosa 64, 00143 Roma, Italy
452;Zebratus;Private;2011;Germany;
453;willybizarre;Powerseller;2010;Spain;Apartado de correos 72, 46110 Godella, Valencia, Spain
454;Outpostgamecenter;Powerseller;2011;Belgium;Beggaardenstraat 6, 2000 Antwerp, Belgium
455;Galactus-Roma;Powerseller;2012;Italy;Via Alessandro Malladra 16, 00157 Roma, Italy
456;CardsMania;Powerseller;2015;Italy;Via Flaminia Conca, 51, 47923 Rimini, Italy
457;CARAB;Powerseller;2011;Switzerland;Bruchstrasse 43, 6003 Luzern, Switzerland
458;magiccorner;Professional;2016;Italy;Via Claudia Augusta 76/C, 39100 Bolzano, Italy
459;DRAGONCT;Powerseller;2011;Spain;Calle Tierno Galvan, 15 Bajo, Tienda DragonCT, 30203 Cartagena, Spain
460;Metropolis-Center;Powerseller;2010;Spain;C/ Andres Mellado Nº 22 Local, 28015 Madrid, Spain
461;NobleGarden;Powerseller;2017;Austria;Zehnergasse 20 A, Stiege 1, A35, 2700 Wiener Neustadt, Austria
462;Skaldenmagie;Professional;2018;Switzerland;Chrüzweg 21, 5603 Staufen, Switzerland
463;Bjiarni;Private;2015;Switzerland;
464;Goshar;Private;2019;Germany;
465;Kuldotha-Bazaar;Professional;2012;Italy;VIA ASSAROTTI 26/ROSSO, 16122 GENOVA, Italy
466;Nightshade-Shop;Professional;2015;Germany;Landfermannstraße 9, 47051 Duisburg, Germany
467;PlaceOfGeek;Professional;2017;France;16 rue Limogeanne, 24000 PERIGUEUX, France
468;LotusVale-Bochum;Professional;2019;Germany;Herner Straße 7, 44787 Bochum, Germany
469;Deprolloneon;Private;2017;Germany;
470;zarcenas;Private;2016;Portugal;
471;DoozEscape;Professional;2019;France;12 et 19 rue des magasins, 67000 strasbourg, France
472;Baldur82;Private;2020;Switzerland;
473;delmas;Private;2018;Italy;
474;TolarianBrewAcademy;Private;2018;United Kingdom;
475;TCG-entertainment;Powerseller;2019;Germany;Rathausstr. 16, 01773 Altenberg, Germany
476;DragonReikaiGames;Professional;2019;Austria;Hirschstettner Strasse 19, 1220 Vienna, Austria
477;JM123;Private;2021;United Kingdom;
478;normans;Private;2014;Germany;
479;Gunship-Games;Powerseller;2009;Germany;Wippenhauser Str. 26, 85354 Freising, Germany
480;jokerbovisa;Professional;2011;Italy;Via Candiani 7/a, 20158 Milano, Italy
481;Playin;Powerseller;2009;France;131 Avenue de France, 75013 PARIS, France
482;House-of-Games;Professional;2011;Greece;Aspasias 72-74, Holargos, 15561 Athens, Greece
483;karmacrow;Powerseller;2007;Germany;Saalmannstr. 7-9, 13403 Berlin, Germany
484;BB-Spiele;Powerseller;2008;Germany;Ebersberger Str. 19 (2. Stock über Miedl), 83022 Rosenheim, Germany
485;SpielRaum;Powerseller;2009;Austria;Otto Bauer Gasse 17, 1060 Wien, Austria
486;SVKZeke;Private;2016;Slovakia;
487;AboveGodlike;Private;2017;Denmark;
488;webuyanycard;Professional;2019;United Kingdom;41 Fenton Avenue, TW181DD Staines, United Kingdom
489;Kiki237;Private;2016;Italy;
490;Antonius;Private;2014;Italy;
491;LPPCOLLECTING-IT-SRL;Powerseller;2013;Italy;Via Belvedere, 23, 20862 Arcore (MB), Italy
492;toycastle;Professional;2016;Austria;Kirschentheuer 51, 9162 Strau, Austria
493;TimeaB;Private;2015;Romania;
494;martial-alters;Private;2017;France;
495;Ex0rcist;Private;2014;Finland;
496;nicororix;Private;2017;France;
497;petedk;Private;2018;Denmark;
498;Rhaegar-LR;Private;2017;France;
499;Benben78;Private;2013;Netherlands;
500;kevkev;Private;2013;France;
501;jeristy;Private;2017;France;
502;N3B3L;Private;2016;Germany;
503;oschulte;Private;2010;Germany;
504;Theuderich;Private;2015;Germany;
505;GobboDealer;Private;2014;Germany;
506;Nihili;Private;2010;Austria;
507;Lighting;Private;2011;Poland;
508;helldanno;Private;2015;Germany;
509;Akroma1987;Private;2015;Croatia;
510;Jacob8800;Private;2018;Denmark;
511;Muskatnuss6;Private;2016;Austria;
512;SpecialOne28;Private;2016;Switzerland;
513;alfredjkwak;Private;2017;Germany;
514;Iscalia;Private;2019;Germany;
515;Belkeen;Private;2019;France;
516;NickyBluepants;Private;2020;Germany;
517;Trudlo;Private;2018;Germany;
518;Mtg-volos;Private;2017;Greece;
519;Madveek;Private;2016;France;
520;ggmagic;Professional;2015;Netherlands;Concordiastraat 29, 2406XX Alphen Aan Den Rijn, Netherlands
521;Geeksandgamers;Professional;2020;United Kingdom;47 High Street, FK11ES Falkirk, United Kingdom
522;KrayBoul;Private;2019;Germany;
523;JoeyMoey;Private;2016;Germany;
524;daktylus75;Professional;2007;Germany;Tilsiterstraße 94, 45470 Mülheim Ruhr, Germany
525;mattopul;Private;2019;Austria;
526;Cypress;Private;2013;Germany;
527;LorenzMatterhorn;Private;2016;Germany;
528;RFD94;Private;2016;Belgium;
529;cernyrytir;Powerseller;2011;Germany;Rathausstr. 16, 01773 Altenberg, Germany
530;Hobby-Games;Powerseller;2012;Greece;Theohari 4, 54621 Thessaloniki, Greece
531;elrincondelhobby;Professional;2010;Spain;c/ Valencia 497 Entlo 4, 08013 Barcelona, Spain
532;JoeBuddha;Private;2008;Germany;
533;NEMESIS23180;Private;2014;Spain;
534;Alexander1907;Private;2015;Spain;
535;LudoB;Private;2015;France;
536;Meistermeuchler;Private;2008;Germany;
537;Bestialos;Private;2017;France;
538;Hellcat;Private;2012;Germany;
539;hefaistos;Private;2011;Netherlands;
540;Reitina;Private;2015;France;
541;CardStore-Blois;Private;2015;France;
542;vale46;Private;2018;Switzerland;
543;Trons63;Private;2014;France;
544;tschudti;Private;2018;Germany;
545;Ersanto;Private;2019;Italy;
546;Alexsoul;Private;2018;France;
547;feanor986;Private;2014;Italy;
548;davebeelen;Private;2013;Netherlands;
549;saintseiya98;Private;2017;Portugal;
550;Altezio;Private;2013;Portugal;
551;ElFeeder;Private;2017;Portugal;
552;Abyssalia;Private;2018;Finland;
553;lauke101;Private;2015;Netherlands;
554;Enske92;Private;2016;Malta;
555;alec1012;Private;2020;Romania;
556;Mtgspot;Powerseller;2014;Poland;targowa 5, 41-503 chorzów, Poland
557;Diesler;Private;2019;Germany;
558;DuploCard;Private;2020;Netherlands;
559;CardgeekNL;Powerseller;2012;Netherlands;C D Tuinenburgstraat 193, 3078GD Rotterdam, Netherlands
560;elbonenet;Private;2017;Austria;
561;Larinski;Private;2013;Austria;
562;Goblin-Patron;Private;2009;Germany;
563;Hammy;Private;2017;United Kingdom;
564;Gretski15;Private;2021;United Kingdom;
565;BriXtreme;Private;2015;Germany;
566;Kumpel-Trading;Professional;2020;Germany;Kirschbaumsweg 8, 45149 Essen, Germany
567;TablerazeMontpellier;Professional;2018;France;4 Rue Joseph Vidal, 34000 Montpellier, France
568;HolmesFr;Professional;2020;France;4 Lieudit La Saudrais, 35760 Saint Grégoire , France
569;kajika46;Private;2015;Germany;
570;TJHollaar;Private;2017;Netherlands;
571;TiagoParracho;Private;2015;Portugal;
572;MichaelBondeDK;Private;2014;Denmark;
573;TheBoyz;Private;2021;Germany;
574;Pixie;Private;2015;Netherlands;
575;Sellerarjafin;Private;2019;Finland;
576;MoonVillage;Powerseller;2014;Germany;Saalmannstraße 7-9 , 13403 Berlin, Germany
577;Tarmogoyf;Professional;2008;Germany;Pelzerhakener Straße 30, 23730 Neustadt in Holstein, Germany
578;DualGames-Alicante;Professional;2017;Spain;García Andreu 24, 03007 Alicante, Spain
579;MerfolkTraders;Professional;2017;France;11 Rue Alfred Leyssenot, 16160 Gond-Pontouvre, France
580;Kap23;Private;2008;Germany;
581;exaltetangel;Private;2014;Switzerland;
582;maxime75018;Private;2009;France;
583;TradingCardsUnited;Professional;2018;Austria;Ghegagasse 29/22, 8020 Graz, Austria
584;Aberconda;Private;2015;Italy;
585;ManaMix;Private;2014;France;
586;Sinister123;Private;2011;Germany;
587;Mik1040;Private;2016;Belgium;
588;Midicards4281;Private;2019;Netherlands;
589;Nils97;Private;2016;Germany;
590;Llanowar82;Private;2014;Spain;
591;tserjio;Private;2015;Spain;
592;chrisa2;Private;2009;Austria;
593;geekfactory;Professional;2020;France;29 Rue Du Général Leclerc, 22400 Lamballe, France
594;sKarty;Private;2012;Portugal;
595;Wommelshausen;Private;2020;Netherlands;
596;Megatol;Private;2014;Spain;
597;k201244;Private;2017;Poland;
598;marcophone;Private;2013;France;
599;TDR62;Private;2019;United Kingdom;
600;Andre-P;Private;2015;Sweden;
601;tellez7;Private;2015;Spain;
602;MarioMirage;Private;2020;Croatia;
603;Secretenergy;Private;2018;Netherlands;
604;kevistrauss;Private;2017;Netherlands;
605;kasi87;Private;2020;Germany;
606;Haxan;Private;2019;Belgium;
607;Glendennan;Private;2020;United Kingdom;
608;Si7en;Private;2014;Italy;
609;biteul;Private;2012;France;
610;Enachel;Private;2016;France;
611;derstef;Private;2020;Belgium;
612;DonnieDarkoNL;Private;2013;Netherlands;
613;BorjaxS;Private;2015;Spain;
614;eMeR90;Private;2012;Poland;
615;Xalthur;Private;2009;Germany;
616;welovetocollect;Professional;2016;Germany;Albin Schlehahn Str. 11, 08547 Jößnitz, Germany
617;reumah;Private;2011;Spain;
618;Schimmelpopo;Private;2018;Germany;
619;Magic-Industria-61;Powerseller;2012;Spain;Calle Industria, 61, local, 08025 Barcelona, Spain
620;ArenaGamesDE;Professional;2015;Germany;Theresienstr. 11, Rückgebäude, 85049 Ingolstadt, Germany
621;fabfesta;Professional;2009;Netherlands;Burgemeester Marijnenlaan 28, 2585DP Den Haag, Netherlands
622;Ishan;Professional;2013;Croatia;Vlade Grozdanića 6, 51000 Rijeka, Croatia
623;TeamSpelEnMeer;Professional;2016;Netherlands;Dorpsstraat 86A, 2712AM Zoetermeer, Netherlands
624;lastdreamer87;Private;2008;Spain;
625;dfccg;Private;2012;Portugal;
626;Mulligans;Professional;2015;Netherlands;Libellenstraat 17, 6533RK Nijmegen, Netherlands
627;OblivionMTG;Professional;2016;Italy;Corso Caio Plinio 34, 10127 Torino, Italy
628;Nephren;Private;2012;Italy;
629;Gunnar2k8;Private;2008;Germany;
630;K3lla;Private;2008;Germany;
631;CollectiblesTrading;Professional;2019;Austria;Klausenbachstraße 26/20, 4040 Linz, Austria
632;Yufei;Private;2011;France;
633;Kernowjim;Private;2014;United Kingdom;
634;Yggzorn;Private;2019;Germany;
635;Piccio91;Private;2013;Italy;
636;Charly4785;Private;2017;Spain;
637;snabblars;Private;2016;Sweden;
638;Yamalesca;Private;2018;France;
639;Stefan-Laszkiewicz;Private;2020;Poland;
640;sundermeier;Private;2009;Germany;
641;czesctuariel;Professional;2018;United Kingdom;17/7 Lochend Park View, EH7 5FX Edinburgh, United Kingdom
642;Dunkler-Herrscher;Powerseller;2008;Germany;Habichtswaldweg 19, 64546 Mörfelden-Walldorf, Germany
643;PetrKikac;Private;2020;Czech Republic;
644;GRANDE-INVERNO;Professional;2020;Italy;Beato Cesidio 35, 67100 L'aquila, Italy
645;Ortrudzomfg;Private;2009;Germany;
646;MagaMercatino;Professional;2012;Italy;Via P. Borsellino 154, 22040 Alzate Brianza (Como), Italy
647;HatakeKakashi88;Private;2016;Germany;
648;corsi1996;Private;2016;Italy;
649;derboba;Private;2012;Germany;
650;steficTol;Private;2013;Czech Republic;
651;nickdejonge;Private;2020;Netherlands;
652;Tier1MTG;Professional;2019;Denmark;Vipperød Byvej 8A, 4390 Vipperød, Denmark
653;Guarida-Del-Dragon;Professional;2011;Spain;Maria Diaz de Haro 55 (local), 48010 Bilbao, Spain
654;Mythulro;Private;2017;Romania;
655;ritastochter;Private;2020;Germany;
656;Kirisame84;Private;2018;France;
657;dragonfall5;Professional;2018;United Kingdom;46 Parkside, BN43 6HA Shoreham-by-sea, United Kingdom
658;SwankyPants88;Private;2019;United Kingdom;
659;pedrodj78;Private;2020;Portugal;
660;EttoreMTG;Professional;2018;Italy;Via Fratelli Bandiera 26, 53036 Poggibonsi (Si), Italy
661;MrPete;Private;2015;Germany;
662;BeNsE;Private;2010;Germany;
663;Pangea;Private;2012;Spain;
664;monstersystem;Private;2016;Spain;
665;kahlan37;Private;2019;Netherlands;
666;Rishadan-Magic-Store;Professional;2016;Italy;Via G. A. Sartorio 31, 00147 Roma, Italy
667;Letalboro;Private;2016;Italy;
668;MagicPapa;Professional;2015;Germany;An der Alten Spinnerei 10, 83059 Kolbermoor, Germany
669;TCGEnterprise;Professional;2015;Italy;via molinetto 106, 31030 borso del grappa (TV), Italy
670;CerberusIT;Professional;2010;Italy;Via Presidio 18, 81031 Aversa (CE), Italy
671;gamersfinest;Professional;2018;Austria;Sebastian-Stöllner-Straße 1, 5020 Salzburg , Austria
672;MAGICSHOPITA;Private;2013;Italy;
673;ThreeForOne-AT;Powerseller;2012;Austria;Neulerchenfelder Straße 76, 1160 Wien, Austria
674;EspaceMagic;Professional;2012;France;26 place Xavier Bichat, 01450 Poncin, France
675;fischi1984;Private;2012;Germany;
676;slashrose;Private;2017;Portugal;
677;Brisk;Private;2019;Italy;
678;Robotomasas;Private;2019;Lithuania;
679;Deinvater18;Private;2008;Austria;
680;Jizreel;Private;2015;France;
681;Winsel;Powerseller;2007;Germany;Langemarckstr. 158, 28199 Bremen, Germany
682;MAGICPLANET;Powerseller;2012;Italy;Piazzale Marconi 37, 29121 Piacenza (PC), Italy
683;Oriented;Private;2016;Italy;
684;christianstrothjohann;Private;2013;Germany;
685;Stavesacre;Private;2018;Ireland;
686;Messicano;Private;2019;Finland;
687;YamiAlex1994;Private;2016;United Kingdom;
688;TimmeyOne;Private;2015;Germany;
689;RMP1982;Private;2018;Netherlands;
690;Pernacchianda;Private;2015;Italy;
691;PeloutseMtG;Professional;2016;Greece;Kountouriotou 49, 11146 Athens, Greece
692;Crosis88;Private;2015;Germany;
693;axanathos;Private;2010;Germany;
694;JoannaDark;Private;2019;Poland;
695;Schnapsl;Private;2009;Germany;
696;Vansguy-DE;Professional;2018;Czech Republic;Politickych Veznu 842/4, 25262 Horomerice, Czech Republic
697;RDeschain;Private;2018;Germany;
698;nantukozerox;Private;2016;Netherlands;
699;magnapoli;Private;2016;Italy;
700;Trapper99;Private;2016;Germany;
701;PaulAndr;Private;2020;Belgium;
702;Blaze241;Private;2014;Germany;
703;flosar71;Private;2021;Spain;
704;Tueben;Private;2013;Germany;
705;RagnarNagato;Private;2018;Spain;
706;Annie1983;Private;2021;Poland;
707;riper91;Private;2019;Portugal;
708;Uncraft;Private;2018;France;
709;Scarecrows;Private;2018;Italy;
710;Teenwolf;Private;2009;Spain;
711;VentorII;Private;2014;Austria;
712;metti1985;Private;2011;Germany;
713;GameForce;Professional;2014;Netherlands;Visserstraat 18A, 5612BT Eindhoven, Netherlands
714;VintageCollectors;Powerseller;2019;Italy;Vintage Collectors, 40125 Bologna (ITALY), Italy
715;Troedel;Private;2011;Germany;
716;RickOttaro;Private;2020;Italy;
717;Giantian;Private;2012;Ireland;
718;Mercenary027;Private;2018;United Kingdom;
719;Weltenwache;Private;2016;Germany;
720;Dijkstra;Private;2017;Netherlands;
721;Platzer;Private;2020;Czech Republic;
722;Krokar;Private;2017;Slovenia;
723;minimagic;Private;2017;Austria;
724;JaySmalls;Private;2016;Germany;
725;CaronteFCB;Private;2018;Spain;
726;Elucidator;Private;2013;Germany;
727;crying;Private;2013;Switzerland;
728;Darkmattergun;Private;2013;Germany;
729;Efe-Flatline;Private;2018;Germany;
730;MtgUtility;Private;2014;Italy;
731;TheCronoX;Private;2015;Portugal;
732;Malthe14;Private;2019;Denmark;
733;biber;Professional;2008;Germany;Im Brande 4, 30926 Seelze, Germany
734;xenesaltones;Private;2012;United Kingdom;
735;Kapelusznik;Private;2019;Poland;
736;MysticShop;Professional;2012;Czech Republic;Jana Palacha 1636, 27201 Kladno, Czech Republic
737;cardgalaxy;Professional;2016;Germany;Stöckmannstrasse 65, 46045 Oberhausen, Germany
738;GamersAcademy;Professional;2014;Austria;Bahnstrasse 11, 2540 Bad Vöslau, Austria
739;Makre;Private;2015;Germany;
740;MTGcardmarket01;Private;2015;Spain;
741;Sichiro;Private;2017;Greece;
742;Goat-enterprise;Powerseller;2014;Netherlands;Dorpsdijk 143, 3161CA Rhoon, Netherlands
743;Itaca;Powerseller;2016;Spain;Blasco de Garay 15, Local 1, 28015 Madrid, Spain
744;DUAL-GAMES;Powerseller;2013;Spain;Calle Acisclo Diaz 5 bajo, 30005 Murcia, Spain
745;Card-Trader24;Professional;2019;Germany;Friedrichstraße 5a, 32791 Lage, Germany
746;taikocomics;Professional;2009;Spain;C/ Sant Jaume nº 73 (local), 08401 Granollers, Spain
747;ludo54;Private;2016;France;
748;WinTheGame;Private;2011;Germany;
749;Failster;Private;2013;Germany;
750;gao6979;Private;2018;Spain;
751;Figurasdeplomo;Professional;2013;Spain;C/ San Payo , Nº12 , 1º A, 32001 Orense, Spain
752;WouterDS;Private;2016;Belgium;
753;Zombiepartyuk;Professional;2018;United Kingdom;13 woodland way, , G67 2BE Cumbernauld, United Kingdom
754;crabouille;Private;2014;France;
755;Raptorius;Private;2017;France;
756;FLouro;Private;2016;Portugal;
757;Jbonta;Private;2019;Switzerland;
758;Venarch;Private;2016;Germany;
759;CORP-F;Professional;2019;France;Balbronn 87, 67200 Strasbourg, France
760;Aaages;Private;2019;Austria;
761;flamberg;Professional;2010;Poland;Mickiewicza 3, 40-092 Katowice, Poland
762;arctis;Private;2017;Germany;
763;Mordor;Professional;2010;Greece;Kondili 7, 15122 Marousi, Greece
764;PlanarGate;Professional;2013;Poland;Gorna 16/11, 81-438 Gdynia, Poland
765;DeMagicMarkt;Professional;2014;Netherlands;Charles Petitweg18, 4827hj Breda, Netherlands
766;MrMirari;Private;2013;Germany;
767;82chrisj;Private;2019;Germany;
768;jorHere;Private;2014;Netherlands;
769;mrfingers123;Private;2013;Netherlands;
770;Dieuxx621;Private;2012;France;
771;DantessCardss;Private;2020;Italy;
772;TrueNeckbeardCards;Private;2021;United Kingdom;
773;Sailorsgrave91;Private;2021;United Kingdom;
774;BlackSkorpio;Professional;2018;France;Appartement 21 étages 2 , 73000 Chambéry, France
775;Blackdragon94;Private;2009;Germany;
776;ilcovodelnerd;Professional;2014;Italy;viale michelangelo 133, 71122 foggia, Italy
777;BuyWithConfidence;Professional;2018;Italy;Via G.Piroli 2\B, 29029 Niviano di Rivergaro (PC), Italy
778;tiburonapu;Private;2011;Spain;
779;maquilleida;Professional;2012;Spain;calle pallars 22 bajos, 25004 Lleida, Spain
780;SMC1;Private;2010;Germany;
781;OstfrieseMM;Private;2011;Germany;
782;OlivierR;Private;2016;France;
783;MeiOPanda;Private;2019;Germany;
784;SergiRL;Private;2017;Spain;
785;Morgo1;Private;2018;Germany;
786;Seath;Private;2018;Germany;
787;Zicral;Private;2018;France;
788;SynMaple;Private;2019;Germany;
789;Morigal;Professional;2019;Poland;Św. Wojciecha 10, 43-600 Jaworzno, Poland
790;Method999;Professional;2008;Germany;Brandweiher 38, 92637 Weiden, Germany
791;Erschonwieder;Professional;2019;Germany;Gladenbacher Weg 51, 35037 Marburg, Germany
792;gatheringka;Private;2019;Spain;
793;Dudas999;Private;2019;Portugal;
794;WatHaddaDa;Professional;2020;Germany;Von-Einem-Str. 70, 45130 Essen, Germany
795;nic222k;Private;2017;United Kingdom;
796;Henchmans;Professional;2017;United Kingdom;9 New Sporle Road, PE37 7JD Swaffham, United Kingdom
797;Dax-Cardstore;Professional;2012;Germany;Teerosenweg 31, 22177 Hamburg, Germany
798;Ichiban-Cards;Professional;2016;Spain;C/guadalupe n6 bajo b, 28931 Mostoles (Madrid ), Spain
799;parkage;Powerseller;2012;France;25 rue geoffroy st hilaire, 75005 PARIS, France
800;Cartapapa-GP;Powerseller;2018;France;21 Rue Des étuves, 34000 MONTPELLIER, France
801;Cardexchange;Powerseller;2012;Netherlands;Nassaustraat 35, 4241AJ Arkel, Netherlands
802;Parence-com;Professional;2014;France;7 Rue Des Drapiers, 76600 Le Havre, France
803;The-FOW-Store;Powerseller;2016;Spain;Apartado Postal 116, 28523 Rivas-Vaciamadrid, Spain
804;BattleBearTCG;Powerseller;2015;Germany;Schubertstrasse 35, 67655 Kaiserslautern, Germany
805;toycastle-D;Powerseller;2011;Austria;Kirschentheuer 51, 9162 Strau, Austria
806;Icarusjocs-BCN;Professional;2015;Spain;Salvador Espriu nº2, 08380 malgrat de mar, Spain
807;Wolrad;Private;2009;Germany;
808;cavernedujeu;Professional;2018;France;5 rue schuman, 62215 oye plage, France
809;Triplacegames;Professional;2017;Portugal;Rua do mirante 11-A, R/C, 2910-609 setubal, Portugal
810;TheJokerUtrecht;Private;2017;Netherlands;
811;Tydus;Private;2013;Germany;
812;evilarroyo;Private;2017;Spain;
813;Jan53;Private;2012;Germany;
814;onbewust;Private;2013;Belgium;
815;kanosc;Private;2017;Spain;
816;Dadue2000;Private;2015;Switzerland;
817;WalterWKrijthe;Private;2013;Netherlands;
818;Timmys-Emporium;Private;2018;Netherlands;
819;grednight;Private;2012;Portugal;
820;vanDeluxe89;Private;2020;Germany;
821;VaeterchenRost;Private;2018;Austria;
822;Watthe;Private;2019;Switzerland;
823;lquentin;Private;2015;France;
824;Lockhe;Private;2015;France;
825;McPwn;Private;2017;Switzerland;
826;SEGDT;Private;2017;France;
827;mudds;Private;2019;United Kingdom;
828;Afily;Private;2015;Poland;
829;Sunoseno;Private;2015;Germany;
830;magicworld58;Private;2012;Germany;
831;POOL4YOU;Powerseller;2010;Spain;C/ Padre Recaredo de los Rios 52, local 6 izquierda, 03005 ALICANTE, Spain
832;STARDUSTSHOP;Powerseller;2008;Germany;Zeppelinstr. 99, 70193 Stuttgart, Germany
833;womantrader;Professional;2018;Italy;Mario Fani, 109, 00135 Roma, Italy
834;Zauberland-Spiele;Professional;2018;Germany;Grünental 2, 58579 Schalksmühle, Germany
835;MtgHistory;Powerseller;2016;Italy;Via Caduti del Lavoro 52, 06124 Perugia, Italy
836;Kinglui272;Private;2009;Germany;
837;millmtg;Private;2016;Portugal;
838;OoneroxoO;Private;2018;Germany;
839;Hismageil;Private;2012;France;
840;robledotiedra;Private;2008;Spain;
841;kraxo;Private;2010;Austria;
842;Snapcaster-FR;Professional;2020;France;48 Bis Avenue De La Colombière, 69360 St Symphorien D'Ozon, France
843;wolf12;Private;2016;Finland;
844;KarelKopriva;Private;2018;Czech Republic;
845;vibue;Private;2015;Switzerland;
846;Mtdna666;Private;2018;Switzerland;
847;Graufang;Private;2011;Germany;
848;Profitis7;Private;2015;Cyprus;
849;antoct1991;Private;2019;Italy;
850;Ipari1993;Private;2019;Hungary;
851;SenseisDiviningShop;Professional;2015;Finland;Näsilinnankatu 15 A 1, 33210 Tampere, Finland
852;D6ffjssy6;Private;2019;Germany;
853;TrulyAwesome;Private;2014;Austria;
854;Garlant;Private;2019;Austria;
855;Hoerni;Private;2018;Germany;
856;Flo33333;Private;2017;Switzerland;
857;Fantasia-Shop;Professional;2018;Germany;Werastrasse 114, 72764 Reutlingen, Germany
858;ruicasasnovas;Professional;2008;Portugal;Rua Rainha D. Amelia Lote 47 3ºDto, 2675-469 Odivelas, Portugal
859;Necrostation;Private;2018;Germany;
860;Mirk4523;Private;2015;France;
861;ToBoT2007;Private;2013;Germany;
862;alzi82;Private;2017;Germany;
863;Trago;Private;2012;Germany;
864;Tradingcardgames;Professional;2016;Germany;Schönfelder Weg 46, 42699 Solingen, Germany
865;K4mpfsch4f;Private;2015;Austria;
866;fumettopoli;Professional;2016;Italy;Via Piave 24, 52100 Arezzo, Italy
867;LocalProCards;Professional;2012;Greece;Kifisia Solomou Solomou 4, 54248 Thessaloniki, Greece
868;Balabuschka;Professional;2012;Germany;Pferdemarkt 20, 18273 Güstrow, Germany
869;Kartenhaus;Professional;2008;Germany;David Morgenstern Weg 19, 91056 Erlangen, Germany
870;Gridlok;Private;2013;Poland;
871;robneme;Private;2009;Spain;
872;bigup;Private;2009;Germany;
873;Schmeyer;Private;2009;Germany;
874;ACAlterations;Private;2012;Germany;
875;Mtgmadness;Private;2018;United Kingdom;
876;dutchforce85;Private;2013;Netherlands;
877;DeDobbelsteen;Professional;2019;Netherlands;Vughterstraat 56, 5211GK 's-Hertogenbosch, Netherlands
878;Keule;Private;2012;Germany;
879;neivals;Private;2013;Spain;
880;Steverino;Private;2019;Germany;
881;ElMusso;Private;2018;Switzerland;
882;fallacox;Private;2019;France;
883;Abari2309;Private;2020;United Kingdom;
884;zwahle;Private;2018;Switzerland;
885;Spellslingers;Powerseller;2016;Norway;Grendeveien 28b, 3188 Horten, Norway
886;LeYAN1001;Private;2021;France;
887;Fogg-Bank;Private;2017;United Kingdom;
888;Levodin;Professional;2010;Spain;Avenida Francesc Macia 55 3º2º, 08921 Santa Coloma de Gramenet, Spain
889;DirtyErnie;Private;2015;Poland;
890;CardPlanetAustria;Powerseller;2011;Austria;Albersdorf 419/3, 8200 Albersdorf-Prebuch, Austria
891;RetroMagic;Powerseller;2015;Belgium;Petunialaan 24, 8400 Oostende, Belgium
892;Gijoe;Private;2012;Portugal;
893;Moxopal;Private;2016;Italy;
894;Zoran83;Private;2017;Belgium;
895;MascagniMTG;Professional;2019;Italy;Via Luigi Cherubini 35, 50052 Certaldo (Fi), Italy
896;mtgcloux;Professional;2018;France;2 Allée Pierre Et Marie Curie, 91620 NOZAY, France
897;danstrike;Private;2014;Greece;
898;CardRooster;Professional;2019;France;286 rue Vendôme, 69003 Lyon, France
899;munuaal;Private;2015;Spain;
900;Woolve;Private;2011;Germany;
901;TiagoAmaral53;Private;2019;Portugal;
902;trauni;Private;2010;Austria;
903;JANT34;Private;2012;Spain;
904;TolarianAcademy;Professional;2014;Italy;Via Perosina 3, 65010 Spoltore, Italy
905;CaptainPlanet94;Private;2017;Germany;
906;Goldgeckoguy;Private;2012;Germany;
907;eres;Private;2009;Spain;
908;Sicness;Private;2013;Romania;
909;Ajag74;Private;2018;Germany;
910;MiguelX19;Private;2016;Portugal;
911;Boxato;Private;2016;Germany;
912;MTGshop-NL;Professional;2014;Netherlands;Jankushofstraat 15, 6002CV Weert, Netherlands
913;NK218;Private;2015;Germany;
914;Mr-Pirilampo;Private;2011;Portugal;
915;Bumblebeez;Private;2017;Netherlands;
916;Naicigam;Private;2020;Netherlands;
917;Anesteria;Private;2017;Netherlands;
918;ManaBrain;Private;2019;Germany;
919;Fima23;Private;2018;Czech Republic;
920;timondml;Private;2010;Netherlands;
921;Schlamarcel;Professional;2015;Germany;Hamburger Str. 45a, 21244 Buchholz, Germany
922;Lukse;Professional;2012;United Kingdom;139 Manchester Road, CW9 7EN Northwitch, United Kingdom
923;alle008;Private;2017;Italy;
924;eli1;Powerseller;2008;Austria;Untertellenmoos 18a, 6858 Schwarzach, Austria
925;HallofGames;Professional;2019;Germany;Martinstr. 10, 06108 Halle, Germany
926;Montilian;Professional;2014;Germany;Am Aschweg 4b, 85114 Buxheim, Germany
927;yasi18;Private;2015;Germany;
928;SrGrin;Private;2011;Spain;
929;Gundalfinho;Private;2020;Czech Republic;
930;athanbak;Private;2019;United Kingdom;
931;acidedge;Private;2017;Austria;
932;Oadin;Private;2018;Belgium;
933;punisher2502;Private;2012;Germany;
934;Paperella;Private;2018;Italy;
935;JustJosh;Private;2019;United Kingdom;
936;ALBY1959;Private;2021;Italy;
937;Gidion;Private;2015;Germany;
938;devric;Professional;2013;Portugal;Rua Antonio Feliciano Castilho n 298, 4430-307 Vilar do Andorinho, Portugal
939;redribbon83;Private;2014;Italy;
940;Dracarysviterbo;Professional;2015;Italy;Via Galvani 38 C, 01100 Viterbo (VT), Italy
941;Rukaaaaaa;Private;2012;Portugal;
942;Pudelkolobrzeg;Private;2019;Poland;
943;Rippersoan;Private;2018;Greece;
944;TierraMedia;Powerseller;2010;Spain;Plaza Madre de Dios 12 - Bajo Local 1-B, 11401 Jerez de la Frontera, Spain
945;Holzi1701;Private;2009;Austria;
946;Killbene;Professional;2014;Germany;Nauroderstraße 9B, 65191 Wiesbaden, Germany
947;Daithicuts;Private;2017;Ireland;
948;Knosli;Private;2018;Switzerland;
949;tigre90;Private;2018;Italy;
950;legenda;Private;2015;Slovenia;
951;HappyMagicB0b;Private;2016;Norway;
952;mortymcfly;Private;2018;Germany;
953;Mtgbill974;Private;2017;France;
954;tulppu;Private;2010;Finland;
955;WhatTheFreak;Professional;2018;Spain;Pasaje Armando Nº2, 29670 San Pedro De Alcantara, Spain
956;Gondorman;Private;2016;France;
957;Eurekagames;Powerseller;2009;Spain;ALUCHE - MADRID, 28024 MADRID, Spain
958;MythicCardboard;Professional;2016;United Kingdom;BA4 4FS Shepton Mallet, United Kingdom
959;Magictraders;Private;2017;Denmark;
960;Flamadiddle;Private;2015;Portugal;
961;PzychoL;Private;2016;Poland;
962;Hellkeeper76;Private;2012;Germany;
963;PayDay952;Private;2017;Germany;
964;dakkon;Private;2010;Italy;
965;MKMcEDH;Private;2019;Germany;
966;Tripitz;Private;2017;Austria;
967;InSertS;Private;2012;Luxembourg;
968;raelan;Private;2018;Italy;
969;WolfOfFirePT97;Private;2021;Portugal;
970;BulldogCardTraders;Professional;2015;United Kingdom;8 Wentbridge Path, WD6 4ET Borehamwood, United Kingdom
971;Vatsana;Private;2019;Belgium;
972;Boekie;Private;2011;Belgium;
973;Toots;Private;2013;Netherlands;
974;jajasei;Private;2017;Germany;
975;Rochester-Cube;Private;2009;Germany;
976;L3uCh7f3u3r;Private;2017;Germany;
977;SushieH;Private;2018;Germany;
978;VeggieWombat;Private;2012;France;
979;zuzu-Fantasia;Powerseller;2015;Italy;Viale Trento 77, 38068 Rovereto, Italy
980;Wullehamda;Private;2017;Germany;
981;DemigodofRats;Private;2017;Germany;
982;Beale;Private;2018;Spain;
983;andrenovo11;Private;2018;Portugal;
984;nohman;Private;2017;Belgium;
985;IsolatedSystem;Private;2017;France;
986;Chaosbaer98;Private;2018;Austria;
987;Andrej26;Private;2019;Slovakia;
988;Ludicon;Professional;2012;Spain;Marques de Fonsanta, 76, 07005 Palma de Mallorca, Spain
989;LevelOne;Private;2013;Germany;
990;MrBringyourlight;Private;2015;Switzerland;
991;inGenio;Professional;2011;Spain;Passeig de Sant Joan, 16, Local 4, 08010 Barcelona, Spain
992;LegendofMagic;Professional;2015;Switzerland;Drillweg, 3, 5036 Oberentfelden, Switzerland
993;DeadWalter;Private;2010;Switzerland;
994;makavi;Private;2020;Austria;
995;eltanque;Private;2013;Germany;
996;voodoo-pt;Powerseller;2011;Portugal;Rua Mário Cesariny , Urb Quinta da Maia, 3375 Loja 2 , 4760-010 Vila Nova de Famalicão, Portugal
997;Ascardix;Private;2021;Belgium;
998;RedTiger;Private;2016;Germany;
999;thenewgozoku;Private;2013;Greece;
1000;quetzalcoatl;Private;2014;United Kingdom;
1001;Marjanne;Professional;2014;Netherlands;Grote Straat 57, 6181NT Elsloo, Netherlands
1002;Caraxapa;Private;2018;Spain;
1003;JLK94;Private;2015;Germany;
1004;johannes236551;Private;2014;Germany;
1005;L1z1x-Mindnet;Private;2016;Germany;
1006;DerZonk;Private;2014;Germany;
1007;Plm0828;Private;2018;France;
1008;Benadrei;Private;2011;France;
1009;HeroesSmoker;Private;2018;Italy;
1010;vizzer;Private;2009;Portugal;
1011;douglasmacleod;Private;2017;United Kingdom;
1012;MultiversoRaziel;Private;2019;Italy;
1013;eros8118;Private;2016;United Kingdom;
1014;phips444;Private;2017;Austria;
1015;Xtran;Private;2017;Netherlands;
1016;Castellana;Private;2015;Spain;
1017;Artictoast;Private;2017;Sweden;
1018;willaert;Private;2008;Belgium;
1019;GoblinTorino;Private;2018;Italy;
1020;Eventwin13;Private;2016;France;
1021;Manborg;Private;2018;Germany;
1022;benny2109;Private;2011;Germany;
1023;mountainwalk;Private;2010;Spain;
1024;Aripet;Private;2008;Spain;
1025;luckystrike23;Private;2016;Germany;
1026;Boba26;Private;2018;Germany;
1027;mezzmerize89;Private;2013;Germany;
1028;Jeezoo;Private;2017;France;
1029;NearMintCards;Private;2021;France;
1030;Bombeinfaccia;Private;2020;Germany;
1031;Cippus;Private;2018;Italy;
1032;krotenkoker;Private;2017;Netherlands;
1033;Benuchemp;Private;2016;Switzerland;
1034;ptitnico;Private;2014;France;
1035;SangSombre;Private;2018;France;
1036;Carth;Private;2019;Luxembourg;
1037;failx007;Private;2018;Austria;
1038;Mc-Fresh-D;Private;2010;Germany;
1039;Top-Austria;Private;2017;Austria;
1040;Zen2ph;Private;2017;Germany;
1041;SnowManLFC;Private;2018;Germany;
1042;kunzkunz;Private;2018;Germany;
1043;Smugglcptr;Private;2017;United Kingdom;
1044;Kaukei;Private;2014;Germany;
1045;Gazcards;Private;2021;United Kingdom;
1046;Kevin-Sengir;Private;2015;Germany;
1047;MagicM;Private;2010;Germany;
1048;MaxMasters;Professional;2018;Germany;Rurstraße 7, 53919 Weilerswist, Germany
1049;DildoSchwaggin;Private;2020;Austria;
1050;Yeoldevault;Private;2020;Italy;
1051;PowerP;Private;2018;Switzerland;
1052;sboemble;Professional;2010;Germany;Hermsdorfer Straße 1, 04741 Roßwein OT Mahlitzsch, Germany
1053;Panda;Private;2010;Germany;
1054;AsherSummers;Private;2013;United Kingdom;
1055;Som40990;Private;2018;France;
1056;boensj;Private;2014;Switzerland;
1057;Walkir;Private;2009;Germany;
1058;Tenval;Private;2016;France;
1059;Gin821RTJ;Professional;2015;Italy;Piazzetta Dr Mario Rizzoli 10, 38033 Cavalese, Italy
1060;PipoZito;Private;2016;Switzerland;
1061;GianKarl;Private;2016;Italy;
1062;TisuZett;Private;2018;Germany;
1063;DrachenTakt;Private;2015;Germany;
1064;Luitoine;Private;2018;France;
1065;Verra;Private;2020;Denmark;
1066;Martino98;Private;2016;Italy;
1067;OddmundV;Private;2020;Norway;
1068;Der-Kartenladen;Professional;2012;Germany;Magdalenenstr. 66, 20148 Hamburg, Germany
1069;Uni-Card;Professional;2019;Germany;Johann-Boppe-Str. 17, 65549 Limburg An Der Lahn, Germany
1070;Ollis-Spielecenter;Professional;2010;Germany;Holstenstraße 188, 22765 Hamburg, Germany
1071;WBGames;Private;2017;Italy;
1072;Riesenauswahl;Private;2019;Germany;
1073;Phexian;Private;2009;Germany;
1074;Trambus;Private;2010;Germany;
1075;SACCOX;Private;2015;Italy;
1076;SeventhCity;Powerseller;2017;United Kingdom;Lenton Street, NG105DJ Sandiacre, United Kingdom
1077;MandruasMagicCorner;Professional;2016;Belgium;Meenseheirweg 37, 8800 Roeselare, Belgium
1078;LastWillTeam;Professional;2019;Italy;Piazza Duomo 16, 20122 Milano, Italy
1079;MarikLebrenn;Private;2018;France;
1080;GMGomes;Private;2019;Portugal;
1081;fablodibongo;Private;2016;France;
1082;DomDomDom;Private;2018;Austria;
1083;JamesBuckland;Private;2018;United Kingdom;
1084;DEckguru;Private;2020;Germany;
1085;Pinopolz;Private;2018;Italy;
1086;Hyden;Private;2017;Spain;
1087;Humorpheuz;Private;2019;Germany;
1088;Kjake;Private;2013;Czech Republic;
1089;ElRincondeMagic;Professional;2010;Spain;Apartado De Correos 42, 28814 Daganzo (Madrid), Spain
1090;ferre9;Private;2010;Spain;
1091;H-Man82;Private;2014;Germany;
1092;Ascun;Private;2018;Germany;
1093;magic-market;Professional;2013;Germany;Virchowring 73, 24558 Henstedt-Ulzburg, Germany
1094;magictime-it;Powerseller;2016;Italy;Via Mentana 42, 48022 Lugo, Italy
1095;Ratseau;Private;2011;France;
1096;CHLVirtue;Private;2020;United Kingdom;
1097;LESTIC;Private;2015;France;
1098;NicolasSJ;Private;2014;Spain;
1099;huckasex;Private;2011;Germany;
1100;Buddy73;Private;2016;Germany;
1101;SalesWorld;Private;2019;Greece;
1102;Denym;Private;2013;Belgium;
1103;play-mtg-fr;Private;2012;France;
1104;JoaquimViana;Private;2013;Portugal;
1105;murwel;Private;2018;Sweden;
1106;RoccaTreCorvi;Professional;2018;Italy;Via Piave 15, 16016 Cogoleto, Italy
1107;stakenborgkoen;Private;2014;Netherlands;
1108;theuzumakin;Private;2017;Poland;
1109;RKstatic;Private;2017;Netherlands;
1110;Rumkugel84;Private;2017;Germany;
1111;Doragan;Private;2018;United Kingdom;
1112;legend3nd;Private;2015;Germany;
1113;Kawoul;Professional;2016;France;2 Impasse des Larris, 60320 NERY, France
1114;MagicAtHome;Professional;2016;France;73 RUE DE LA GRANDE ARMEE, 68760 WILLER SUR THUR, France
1115;corsaire59;Private;2013;France;
1116;magicplayer-1998;Private;2007;Germany;
